<?xml version="1.0" encoding="UTF-8"?>
<project-private xmlns="http://www.netbeans.org/ns/project-private/1">
    <editor-bookmarks xmlns="http://www.netbeans.org/ns/editor-bookmarks/2" lastBookmarkId="0"/>
    <open-files xmlns="http://www.netbeans.org/ns/projectui-open-files/2">
        <group>
            <file>file:/C:/xampp/htdocs/ProFanDubDesc/controllers/SiteController.php</file>
            <file>file:/C:/xampp/htdocs/ProFanDubDesc/views/site/TableAdminAdvert.php</file>
            <file>file:/C:/xampp/htdocs/ProFanDubDesc/assets/AppAsset.php</file>
            <file>file:/C:/xampp/htdocs/ProFanDubDesc/models/AddInDescForm.php</file>
            <file>file:/C:/xampp/htdocs/ProFanDubDesc/views/site/UserRoom.php</file>
            <file>file:/C:/xampp/htdocs/ProFanDubDesc/config/web.php</file>
            <file>file:/C:/xampp/htdocs/ProFanDubDesc/views/site/AddingUsers.php</file>
            <file>file:/C:/xampp/htdocs/ProFanDubDesc/views/site/AdvertAdding.php</file>
            <file>file:/C:/xampp/htdocs/ProFanDubDesc/web/css/site.css</file>
            <file>file:/C:/xampp/htdocs/ProFanDubDesc/views/site/TableAdvert.php</file>
            <file>file:/C:/xampp/htdocs/ProFanDubDesc/views/site/message.php</file>
            <file>file:/C:/xampp/htdocs/ProFanDubDesc/views/site/contact.php</file>
            <file>file:/C:/xampp/htdocs/ProFanDubDesc/views/layouts/main.php</file>
            <file>file:/C:/xampp/htdocs/ProFanDubDesc/views/site/addingtodesc.php</file>
            <file>file:/C:/xampp/htdocs/ProFanDubDesc/views/site/login.php</file>
            <file>file:/C:/xampp/htdocs/ProFanDubDesc/views/site/index.php</file>
        </group>
    </open-files>
</project-private>
